{
  "type": "S3",
  "managed": true,
  "featureGroup": false,
  "formatType": "parquet",
  "checklists": {
    "checklists": []
  },
  "checks": [],
  "customMeta": {
    "kv": {}
  },
  "flowOptions": {
    "virtualizable": true,
    "rebuildBehavior": "NORMAL",
    "crossProjectBuildBehavior": "DEFAULT"
  },
  "readWriteOptions": {
    "preserveOrder": false,
    "writeBuckets": 1,
    "forceSingleOutputFile": false,
    "defaultReadOrdering": {
      "enabled": false,
      "rules": []
    }
  },
  "formatParams": {
    "parquetLowerCaseIdentifiers": false,
    "representsNullFields": false,
    "parquetCompressionMethod": "SNAPPY",
    "parquetFlavor": "HIVE",
    "parquetBlockSizeMB": 128
  },
  "partitioning": {
    "ignoreNonMatchingFile": false,
    "considerMissingRequestedPartitionsAsEmpty": false,
    "dimensions": []
  },
  "versionTag": {
    "versionNumber": 1,
    "lastModifiedBy": {
      "login": "selvaganesh.govindan@gmail.com"
    },
    "lastModifiedOn": 1659865175541
  },
  "creationTag": {
    "versionNumber": 0,
    "lastModifiedBy": {
      "login": "selvaganesh.govindan@gmail.com"
    },
    "lastModifiedOn": 1659865175534
  },
  "tags": [],
  "params": {
    "bucket": "gis-data-eu-west-3",
    "metastoreSynchronizationEnabled": true,
    "metastoreDatabaseName": "default",
    "metastoreTableName": "${projectKey}_CO2_and_Oil_meat_urbanization_joined_copy",
    "connection": "dataiku-managed-storage",
    "path": "/managed-dss-data/${projectKey}/CO2_and_Oil_meat_urbanization_joined_copy",
    "notReadyIfEmpty": false,
    "filesSelectionRules": {
      "mode": "ALL",
      "excludeRules": [],
      "includeRules": [],
      "explicitFiles": []
    }
  },
  "schema": {
    "columns": [
      {"name":"Entity","type":"string"},
      {"name":"Code","type":"string"},
      {"name":"Year","type":"int"},
      {"name":"Per capita CO₂ emissions (tonnes per capita)","type":"float"},
      {"name":"Oil production (Etemad \u0026 Luciana) (terawatt-hours)","type":"float"},
      {"name":"meat_prod_tonnes","type":"float"},
      {"name":"Meat_supply_kgperCap","type":"float"},
      {"name":"Food Balance Sheets: Eggs - Production (FAO (2017)) (tonnes)","type":"float"},
      {"name":"Urban (%)","type":"float"},
      {"name":"GDP per capita (int.-$) ($)","type":"float"},
      {"name":"Population","type":"float"}
    ],
    "userModified": true
  },
  "dkuProperties": [],
  "metrics": {
    "probes": [
      {
        "type": "basic",
        "enabled": true,
        "computeOnBuildMode": "PARTITION",
        "meta": {
          "name": "Basic data",
          "level": 0
        },
        "configuration": {}
      },
      {
        "type": "records",
        "enabled": true,
        "computeOnBuildMode": "NO",
        "meta": {
          "name": "Record count",
          "level": 0
        },
        "configuration": {}
      }
    ],
    "engineConfig": {
      "padRunsWithMetrics": false,
      "hive": {
        "active": true,
        "extraConf": []
      },
      "basic": {},
      "dss": {
        "active": true,
        "selection": {
          "useMemTable": false,
          "filter": {
            "distinct": false,
            "enabled": false
          },
          "partitionSelectionMethod": "ALL",
          "latestPartitionsN": 1,
          "ordering": {
            "enabled": false,
            "rules": []
          },
          "samplingMethod": "FULL",
          "maxRecords": -1,
          "targetRatio": 0.02,
          "withinFirstN": -1,
          "maxReadUncompressedBytes": -1
        }
      },
      "sql": {
        "active": true
      },
      "impala": {
        "active": true
      },
      "spark": {
        "active": true,
        "extraConf": []
      },
      "python": {}
    },
    "displayedState": {
      "columns": [],
      "metrics": [
        "basic:COUNT_COLUMNS",
        "basic:COUNT_FILES",
        "basic:SIZE",
        "records:COUNT_RECORDS"
      ]
    }
  },
  "metricsChecks": {
    "runOnBuild": false,
    "checks": [],
    "displayedState": {
      "checks": []
    }
  },
  "customFields": {}
}