{
  "script": {
    "steps": [],
    "maxProcessedMemTableBytes": -1,
    "columnsSelection": {
      "mode": "ALL"
    },
    "columnWidthsByName": {
      "Entity": 155,
      "Code": 100,
      "Year": 100,
      "per_capita_co2_emission": 188,
      "per_capita_Meat_supply_kg": 203,
      "Urban_percent": 113,
      "per_capita_GDP_USD": 150,
      "per_capita_egg_prod": 183,
      "per_capita_meat_prod": 190,
      "per_capita_oil_production": 225
    },
    "coloring": {
      "scheme": "MEANING_AND_STATUS",
      "individualColumns": [],
      "valueColoringMode": "HASH"
    },
    "sorting": [
      {
        "column": "per_capita_co2_emission",
        "ascending": false
      }
    ],
    "analysisColumnData": {},
    "explorationSampling": {
      "selection": {
        "maxRecordsForDisplay": -1,
        "maxStoredBytes": 104857600,
        "timeout": -1,
        "filter": {
          "distinct": false,
          "enabled": false
        },
        "partitionSelectionMethod": "ALL",
        "latestPartitionsN": 1,
        "ordering": {
          "enabled": false,
          "rules": []
        },
        "samplingMethod": "HEAD_SEQUENTIAL",
        "maxRecords": 10000,
        "targetRatio": 0.02,
        "withinFirstN": -1,
        "maxReadUncompressedBytes": -1
      },
      "autoRefreshSample": false,
      "_refreshTrigger": 0
    },
    "vizSampling": {
      "selection": {
        "useMemTable": false,
        "filter": {
          "distinct": false,
          "enabled": false
        },
        "partitionSelectionMethod": "ALL",
        "latestPartitionsN": 1,
        "ordering": {
          "enabled": false,
          "rules": []
        },
        "samplingMethod": "FULL",
        "maxRecords": -1,
        "targetRatio": 0.02,
        "withinFirstN": -1,
        "maxReadUncompressedBytes": -1
      },
      "autoRefreshSample": false,
      "_refreshTrigger": 0
    },
    "exploreUIParams": {
      "autoRefresh": true
    },
    "globalSearchQuery": "",
    "explorationFilters": [
      {
        "column": "Year",
        "type": "columnFilter",
        "currentMode": "FACET",
        "active": true,
        "facet": {
          "type": "facet",
          "column": "Year",
          "columnType": "NUMERICAL",
          "currentMode": "ALPHANUM",
          "sort": "count",
          "selectedValues": {
            "2010": true
          }
        },
        "alphanumFilter": {
          "type": "alphanum",
          "column": "Year",
          "values": [],
          "params": {
            "mode": "full_string",
            "normalization": "exact"
          }
        },
        "validityFilter": {
          "type": "validity",
          "column": "Year",
          "params": {
            "type": "LongMeaning",
            "ok": true,
            "nok": true,
            "empty": true
          }
        }
      }
    ],
    "previewMode": "ALL_ROWS"
  },
  "charts": [],
  "interactiveSearch": {
    "savedQueries": []
  }
}