{
  "type": "join",
  "neverRecomputeExistingPartitions": false,
  "optionalDependencies": false,
  "customMeta": {
    "kv": {}
  },
  "redispatchPartitioning": false,
  "maxRunningActivities": 0,
  "variables": {},
  "dkuProperties": [],
  "inputs": {
    "main": {
      "items": [
        {
          "ref": "CO2_and_Oil",
          "deps": []
        },
        {
          "ref": "Meat_and_Egg_Production",
          "deps": []
        },
        {
          "ref": "Urbanization_GDP_and_Population",
          "deps": []
        }
      ]
    }
  },
  "outputs": {
    "main": {
      "items": [
        {
          "ref": "CO2_and_Oil_meat_urbanization_joined",
          "appendMode": false
        }
      ]
    }
  },
  "labels": [],
  "versionTag": {
    "versionNumber": 2,
    "lastModifiedBy": {
      "login": "selvaganesh.govindan@gmail.com"
    },
    "lastModifiedOn": 1659862019600
  },
  "creationTag": {
    "versionNumber": 0,
    "lastModifiedBy": {
      "login": "selvaganesh.govindan@gmail.com"
    },
    "lastModifiedOn": 1659861882389
  },
  "tags": [],
  "customFields": {},
  "checklists": {
    "checklists": []
  }
}