{
  "type": "grouping",
  "neverRecomputeExistingPartitions": false,
  "optionalDependencies": false,
  "customMeta": {
    "kv": {}
  },
  "redispatchPartitioning": false,
  "maxRunningActivities": 0,
  "variables": {},
  "dkuProperties": [],
  "inputs": {
    "main": {
      "items": [
        {
          "ref": "CO2_and_Oil_meat_urbanization_joined_per_capita_country_prepared",
          "deps": []
        }
      ]
    }
  },
  "outputs": {
    "main": {
      "items": [
        {
          "ref": "CO2_and_Oil_meat_urbanization_joined_per_capita_country_prepared_by_Entity",
          "appendMode": false
        }
      ]
    }
  },
  "labels": [],
  "versionTag": {
    "versionNumber": 2,
    "lastModifiedBy": {
      "login": "selvaganesh.govindan@gmail.com"
    },
    "lastModifiedOn": 1659863036821
  },
  "creationTag": {
    "versionNumber": 0,
    "lastModifiedBy": {
      "login": "selvaganesh.govindan@gmail.com"
    },
    "lastModifiedOn": 1659862979743
  },
  "tags": [],
  "customFields": {},
  "checklists": {
    "checklists": []
  }
}