{
  "dataSpec": {
    "inputDatasetSmartName": "CO2_and_Oil_meat_urbanization_joined_per_capita_country_prepared",
    "datasetSelection": {
      "useMemTable": false,
      "filter": {
        "distinct": false,
        "enabled": false
      },
      "partitionSelectionMethod": "ALL",
      "latestPartitionsN": 1,
      "ordering": {
        "enabled": false,
        "rules": []
      },
      "samplingMethod": "HEAD_SEQUENTIAL",
      "maxRecords": 100000,
      "targetRatio": 0.02,
      "withinFirstN": -1,
      "maxReadUncompressedBytes": -1
    },
    "autoRefreshSample": true,
    "refreshTrigger": 0,
    "containerSelection": {
      "containerMode": "INHERIT"
    }
  },
  "rootCard": {
    "type": "worksheet_root",
    "confidenceLevel": 0.95,
    "showConfidenceInterval": false,
    "cards": [
      {
        "type": "univariate_header",
        "showHistogram": true,
        "showQuantile": true,
        "showFrequencyTable": false,
        "showSummary": true,
        "showBoxPlot": true,
        "showCumulativeDistributionFunction": true,
        "xColumns": [
          {
            "name": "per_capita_co2_emission",
            "type": "CONTINUOUS"
          },
          {
            "name": "per_capita_Meat_supply_kg",
            "type": "CONTINUOUS"
          },
          {
            "name": "Urban_percent",
            "type": "CONTINUOUS"
          },
          {
            "name": "per_capita_GDP_USD",
            "type": "CONTINUOUS"
          },
          {
            "name": "per_capita_egg_prod",
            "type": "CONTINUOUS"
          },
          {
            "name": "per_capita_meat_prod",
            "type": "CONTINUOUS"
          },
          {
            "name": "per_capita_oil_production",
            "type": "CONTINUOUS"
          }
        ],
        "cards": [
          {
            "type": "column_card",
            "column": {
              "name": "per_capita_co2_emission",
              "type": "CONTINUOUS"
            },
            "cards": [
              {
                "type": "numerical_histogram",
                "showBoxPlot": true,
                "showHistogram": true,
                "binningMode": "AUTO",
                "nbBins": 25,
                "customBinningBoundaries": [],
                "column": {
                  "name": "per_capita_co2_emission",
                  "type": "CONTINUOUS"
                },
                "id": "bReouAH"
              },
              {
                "type": "cdf_plot",
                "column": {
                  "name": "per_capita_co2_emission",
                  "type": "CONTINUOUS"
                },
                "id": "GHhgt8E"
              },
              {
                "type": "univariate_summary",
                "confidenceLevel": 0.95,
                "showConfidenceInterval": false,
                "compute": {
                  "totalCount": true,
                  "mean": true,
                  "sum": false,
                  "median": true,
                  "std": true,
                  "variance": false,
                  "skewness": false,
                  "kurtosis": false,
                  "sem": false,
                  "completeCount": true,
                  "nbEmpty": true,
                  "zeroCount": false,
                  "zeroRatio": false,
                  "nonZeroRatio": false,
                  "iqr": false,
                  "distinctCount": true,
                  "nbNonEmpty": false,
                  "min": true,
                  "max": true,
                  "range": false,
                  "mode": true
                },
                "column": {
                  "name": "per_capita_co2_emission",
                  "type": "CONTINUOUS"
                },
                "id": "NXxhM1b"
              },
              {
                "type": "quantile_table",
                "confidenceLevel": 0.95,
                "showConfidenceInterval": false,
                "column": {
                  "name": "per_capita_co2_emission",
                  "type": "CONTINUOUS"
                },
                "id": "RL5yxll"
              }
            ],
            "id": "0ZXrgfR"
          },
          {
            "type": "column_card",
            "column": {
              "name": "per_capita_Meat_supply_kg",
              "type": "CONTINUOUS"
            },
            "cards": [
              {
                "type": "numerical_histogram",
                "showBoxPlot": true,
                "showHistogram": true,
                "binningMode": "AUTO",
                "nbBins": 25,
                "customBinningBoundaries": [],
                "column": {
                  "name": "per_capita_Meat_supply_kg",
                  "type": "CONTINUOUS"
                },
                "id": "8ap0FEU"
              },
              {
                "type": "cdf_plot",
                "column": {
                  "name": "per_capita_Meat_supply_kg",
                  "type": "CONTINUOUS"
                },
                "id": "UUsAoJm"
              },
              {
                "type": "univariate_summary",
                "confidenceLevel": 0.95,
                "showConfidenceInterval": false,
                "compute": {
                  "totalCount": true,
                  "mean": true,
                  "sum": false,
                  "median": true,
                  "std": true,
                  "variance": false,
                  "skewness": false,
                  "kurtosis": false,
                  "sem": false,
                  "completeCount": true,
                  "nbEmpty": true,
                  "zeroCount": false,
                  "zeroRatio": false,
                  "nonZeroRatio": false,
                  "iqr": false,
                  "distinctCount": true,
                  "nbNonEmpty": false,
                  "min": true,
                  "max": true,
                  "range": false,
                  "mode": true
                },
                "column": {
                  "name": "per_capita_Meat_supply_kg",
                  "type": "CONTINUOUS"
                },
                "id": "Dd4SVnn"
              },
              {
                "type": "quantile_table",
                "confidenceLevel": 0.95,
                "showConfidenceInterval": false,
                "column": {
                  "name": "per_capita_Meat_supply_kg",
                  "type": "CONTINUOUS"
                },
                "id": "DsArl8D"
              }
            ],
            "id": "5XHmAeq"
          },
          {
            "type": "column_card",
            "column": {
              "name": "Urban_percent",
              "type": "CONTINUOUS"
            },
            "cards": [
              {
                "type": "numerical_histogram",
                "showBoxPlot": true,
                "showHistogram": true,
                "binningMode": "AUTO",
                "nbBins": 25,
                "customBinningBoundaries": [],
                "column": {
                  "name": "Urban_percent",
                  "type": "CONTINUOUS"
                },
                "id": "DWPcMxP"
              },
              {
                "type": "cdf_plot",
                "column": {
                  "name": "Urban_percent",
                  "type": "CONTINUOUS"
                },
                "id": "naBAwzl"
              },
              {
                "type": "univariate_summary",
                "confidenceLevel": 0.95,
                "showConfidenceInterval": false,
                "compute": {
                  "totalCount": true,
                  "mean": true,
                  "sum": false,
                  "median": true,
                  "std": true,
                  "variance": false,
                  "skewness": false,
                  "kurtosis": false,
                  "sem": false,
                  "completeCount": true,
                  "nbEmpty": true,
                  "zeroCount": false,
                  "zeroRatio": false,
                  "nonZeroRatio": false,
                  "iqr": false,
                  "distinctCount": true,
                  "nbNonEmpty": false,
                  "min": true,
                  "max": true,
                  "range": false,
                  "mode": true
                },
                "column": {
                  "name": "Urban_percent",
                  "type": "CONTINUOUS"
                },
                "id": "2xcWGGX"
              },
              {
                "type": "quantile_table",
                "confidenceLevel": 0.95,
                "showConfidenceInterval": false,
                "column": {
                  "name": "Urban_percent",
                  "type": "CONTINUOUS"
                },
                "id": "cLVP7Lw"
              }
            ],
            "id": "HSFWQwb"
          },
          {
            "type": "column_card",
            "column": {
              "name": "per_capita_GDP_USD",
              "type": "CONTINUOUS"
            },
            "cards": [
              {
                "type": "numerical_histogram",
                "showBoxPlot": true,
                "showHistogram": true,
                "binningMode": "AUTO",
                "nbBins": 25,
                "customBinningBoundaries": [],
                "column": {
                  "name": "per_capita_GDP_USD",
                  "type": "CONTINUOUS"
                },
                "id": "vFqlkPw"
              },
              {
                "type": "cdf_plot",
                "column": {
                  "name": "per_capita_GDP_USD",
                  "type": "CONTINUOUS"
                },
                "id": "tSmdnRE"
              },
              {
                "type": "univariate_summary",
                "confidenceLevel": 0.95,
                "showConfidenceInterval": false,
                "compute": {
                  "totalCount": true,
                  "mean": true,
                  "sum": false,
                  "median": true,
                  "std": true,
                  "variance": false,
                  "skewness": false,
                  "kurtosis": false,
                  "sem": false,
                  "completeCount": true,
                  "nbEmpty": true,
                  "zeroCount": false,
                  "zeroRatio": false,
                  "nonZeroRatio": false,
                  "iqr": false,
                  "distinctCount": true,
                  "nbNonEmpty": false,
                  "min": true,
                  "max": true,
                  "range": false,
                  "mode": true
                },
                "column": {
                  "name": "per_capita_GDP_USD",
                  "type": "CONTINUOUS"
                },
                "id": "XncHC5T"
              },
              {
                "type": "quantile_table",
                "confidenceLevel": 0.95,
                "showConfidenceInterval": false,
                "column": {
                  "name": "per_capita_GDP_USD",
                  "type": "CONTINUOUS"
                },
                "id": "sZK7UXu"
              }
            ],
            "id": "uKTP4Vu"
          },
          {
            "type": "column_card",
            "column": {
              "name": "per_capita_egg_prod",
              "type": "CONTINUOUS"
            },
            "cards": [
              {
                "type": "numerical_histogram",
                "showBoxPlot": true,
                "showHistogram": true,
                "binningMode": "AUTO",
                "nbBins": 25,
                "customBinningBoundaries": [],
                "column": {
                  "name": "per_capita_egg_prod",
                  "type": "CONTINUOUS"
                },
                "id": "MNoUDNh"
              },
              {
                "type": "cdf_plot",
                "column": {
                  "name": "per_capita_egg_prod",
                  "type": "CONTINUOUS"
                },
                "id": "vOIh4Fu"
              },
              {
                "type": "univariate_summary",
                "confidenceLevel": 0.95,
                "showConfidenceInterval": false,
                "compute": {
                  "totalCount": true,
                  "mean": true,
                  "sum": false,
                  "median": true,
                  "std": true,
                  "variance": false,
                  "skewness": false,
                  "kurtosis": false,
                  "sem": false,
                  "completeCount": true,
                  "nbEmpty": true,
                  "zeroCount": false,
                  "zeroRatio": false,
                  "nonZeroRatio": false,
                  "iqr": false,
                  "distinctCount": true,
                  "nbNonEmpty": false,
                  "min": true,
                  "max": true,
                  "range": false,
                  "mode": true
                },
                "column": {
                  "name": "per_capita_egg_prod",
                  "type": "CONTINUOUS"
                },
                "id": "MSfV7Xc"
              },
              {
                "type": "quantile_table",
                "confidenceLevel": 0.95,
                "showConfidenceInterval": false,
                "column": {
                  "name": "per_capita_egg_prod",
                  "type": "CONTINUOUS"
                },
                "id": "8ktmkEy"
              }
            ],
            "id": "VGjAFZY"
          },
          {
            "type": "column_card",
            "column": {
              "name": "per_capita_meat_prod",
              "type": "CONTINUOUS"
            },
            "cards": [
              {
                "type": "numerical_histogram",
                "showBoxPlot": true,
                "showHistogram": true,
                "binningMode": "AUTO",
                "nbBins": 25,
                "customBinningBoundaries": [],
                "column": {
                  "name": "per_capita_meat_prod",
                  "type": "CONTINUOUS"
                },
                "id": "AosU5kS"
              },
              {
                "type": "cdf_plot",
                "column": {
                  "name": "per_capita_meat_prod",
                  "type": "CONTINUOUS"
                },
                "id": "FPlp4ZW"
              },
              {
                "type": "univariate_summary",
                "confidenceLevel": 0.95,
                "showConfidenceInterval": false,
                "compute": {
                  "totalCount": true,
                  "mean": true,
                  "sum": false,
                  "median": true,
                  "std": true,
                  "variance": false,
                  "skewness": false,
                  "kurtosis": false,
                  "sem": false,
                  "completeCount": true,
                  "nbEmpty": true,
                  "zeroCount": false,
                  "zeroRatio": false,
                  "nonZeroRatio": false,
                  "iqr": false,
                  "distinctCount": true,
                  "nbNonEmpty": false,
                  "min": true,
                  "max": true,
                  "range": false,
                  "mode": true
                },
                "column": {
                  "name": "per_capita_meat_prod",
                  "type": "CONTINUOUS"
                },
                "id": "OIthKdY"
              },
              {
                "type": "quantile_table",
                "confidenceLevel": 0.95,
                "showConfidenceInterval": false,
                "column": {
                  "name": "per_capita_meat_prod",
                  "type": "CONTINUOUS"
                },
                "id": "pf6ZJgM"
              }
            ],
            "id": "S5YBg9d"
          },
          {
            "type": "column_card",
            "column": {
              "name": "per_capita_oil_production",
              "type": "CONTINUOUS"
            },
            "cards": [
              {
                "type": "numerical_histogram",
                "showBoxPlot": true,
                "showHistogram": true,
                "binningMode": "AUTO",
                "nbBins": 25,
                "customBinningBoundaries": [],
                "column": {
                  "name": "per_capita_oil_production",
                  "type": "CONTINUOUS"
                },
                "id": "8G1AvB6"
              },
              {
                "type": "cdf_plot",
                "column": {
                  "name": "per_capita_oil_production",
                  "type": "CONTINUOUS"
                },
                "id": "MoFb1Sl"
              },
              {
                "type": "univariate_summary",
                "confidenceLevel": 0.95,
                "showConfidenceInterval": false,
                "compute": {
                  "totalCount": true,
                  "mean": true,
                  "sum": false,
                  "median": true,
                  "std": true,
                  "variance": false,
                  "skewness": false,
                  "kurtosis": false,
                  "sem": false,
                  "completeCount": true,
                  "nbEmpty": true,
                  "zeroCount": false,
                  "zeroRatio": false,
                  "nonZeroRatio": false,
                  "iqr": false,
                  "distinctCount": true,
                  "nbNonEmpty": false,
                  "min": true,
                  "max": true,
                  "range": false,
                  "mode": true
                },
                "column": {
                  "name": "per_capita_oil_production",
                  "type": "CONTINUOUS"
                },
                "id": "ssbvJIX"
              },
              {
                "type": "quantile_table",
                "confidenceLevel": 0.95,
                "showConfidenceInterval": false,
                "column": {
                  "name": "per_capita_oil_production",
                  "type": "CONTINUOUS"
                },
                "id": "uhKoMdX"
              }
            ],
            "id": "IaE1tYs"
          }
        ],
        "splitBy": {
          "groupingColumn": {
            "name": "Year",
            "type": "CONTINUOUS"
          },
          "binningMode": "AUTO",
          "maxValues": 5,
          "groupWithOthers": true,
          "customBinningBoundaries": [],
          "groupWithAll": true
        },
        "id": "cdGYPIh"
      }
    ],
    "id": "PPG828i"
  },
  "name": "Worksheet",
  "versionTag": {
    "versionNumber": 2,
    "lastModifiedBy": {
      "login": "selvaganesh.govindan@gmail.com"
    },
    "lastModifiedOn": 1659862931561
  },
  "creationTag": {
    "versionNumber": 0,
    "lastModifiedBy": {
      "login": "selvaganesh.govindan@gmail.com"
    },
    "lastModifiedOn": 1659862878149
  },
  "tags": [],
  "customFields": {},
  "checklists": {
    "checklists": []
  }
}