{
  "dataSpec": {
    "inputDatasetSmartName": "CO2_and_Oil_meat_urbanization_joined_per_capita_country_prepared_by_Entity",
    "datasetSelection": {
      "useMemTable": false,
      "filter": {
        "distinct": false,
        "enabled": false
      },
      "partitionSelectionMethod": "ALL",
      "latestPartitionsN": 1,
      "ordering": {
        "enabled": false,
        "rules": []
      },
      "samplingMethod": "HEAD_SEQUENTIAL",
      "maxRecords": 100000,
      "targetRatio": 0.02,
      "withinFirstN": -1,
      "maxReadUncompressedBytes": -1
    },
    "autoRefreshSample": true,
    "refreshTrigger": 0,
    "containerSelection": {
      "containerMode": "INHERIT"
    }
  },
  "rootCard": {
    "type": "worksheet_root",
    "confidenceLevel": 0.95,
    "showConfidenceInterval": false,
    "cards": [
      {
        "type": "correlation_matrix",
        "heatmapParams": {
          "showValues": true,
          "showColors": true,
          "showAbsValues": false,
          "threshold": 0.0,
          "filterVariablesWithoutValues": false
        },
        "metric": "SPEARMAN",
        "columns": [
          {
            "name": "per_capita_co2_emission_avg",
            "type": "CONTINUOUS"
          },
          {
            "name": "per_capita_Meat_supply_kg_avg",
            "type": "CONTINUOUS"
          },
          {
            "name": "Urban_percent_avg",
            "type": "CONTINUOUS"
          },
          {
            "name": "per_capita_GDP_USD_avg",
            "type": "CONTINUOUS"
          },
          {
            "name": "per_capita_egg_prod_avg",
            "type": "CONTINUOUS"
          },
          {
            "name": "per_capita_oil_production_avg",
            "type": "CONTINUOUS"
          },
          {
            "name": "per_capita_meat_prod_avg",
            "type": "CONTINUOUS"
          }
        ],
        "id": "QBxxvTE"
      }
    ],
    "id": "2Nk2CIB"
  },
  "name": "Worksheet",
  "versionTag": {
    "versionNumber": 1,
    "lastModifiedBy": {
      "login": "selvaganesh.govindan@gmail.com"
    },
    "lastModifiedOn": 1659863233481
  },
  "creationTag": {
    "versionNumber": 0,
    "lastModifiedBy": {
      "login": "selvaganesh.govindan@gmail.com"
    },
    "lastModifiedOn": 1659863134814
  },
  "tags": [],
  "customFields": {},
  "checklists": {
    "checklists": []
  }
}