{
  "pages": [
    {
      "id": "VI01xN6",
      "grid": {
        "tiles": []
      },
      "showTitle": false
    }
  ],
  "owner": "selvaganesh.govindan@gmail.com",
  "listed": true,
  "name": "Core designer certification exam\u0027s default dashboard",
  "showGrid": true,
  "versionTag": {
    "versionNumber": 0,
    "lastModifiedBy": {
      "login": "selvaganesh.govindan@gmail.com"
    },
    "lastModifiedOn": 1659860905131
  },
  "creationTag": {
    "versionNumber": 0,
    "lastModifiedBy": {
      "login": "selvaganesh.govindan@gmail.com"
    },
    "lastModifiedOn": 1659860905131
  },
  "tags": [],
  "customFields": {},
  "checklists": {
    "checklists": []
  }
}